iter	MultiClass
0	0.9943320011
1	0.9142101386
2	0.8517110397
3	0.8015578374
4	0.760372117
5	0.726716855
6	0.6989981141
7	0.6761944582
8	0.6565509285
9	0.6402581841
10	0.6265206279
11	0.6148549463
12	0.6047518996
13	0.5961025124
14	0.5888225544
15	0.5826170164
16	0.5774468453
17	0.5729016004
18	0.5689524548
19	0.5654497786
20	0.5624234708
21	0.5598727871
22	0.5575062503
23	0.5554081806
24	0.5535807252
