iter	MultiClass
0	0.9926588015
1	0.9118091331
2	0.8484680744
3	0.7977957698
4	0.7562123153
5	0.722270351
6	0.6941523628
7	0.6708392452
